,Model,F1,Recall,Precision,Accuracy
0,Tuned Decision Tree,0.8418152029201922,0.45093539054966253,0.7425968990871552,0.8560000000000001
